Survived,Pclass,Sex,Age,Fare,Embarked,Title,AgeGroup,FamilySize,FarePerPerson,IsAlone
0,3,male,22.0,7.25,S,Mr,Adult,2,3.625,0
1,1,female,38.0,71.2833,C,Mrs,MiddleAge,2,35.64165,0
1,3,female,26.0,7.925,S,Miss,Adult,1,7.925,1
1,1,female,35.0,53.1,S,Mrs,Adult,2,26.55,0
0,3,male,35.0,8.05,S,Mr,Adult,1,8.05,1
0,3,male,25.0,8.4583,Q,Mr,Adult,1,8.4583,1
0,1,male,54.0,51.8625,S,Mr,MiddleAge,1,51.8625,1
0,3,male,2.0,21.075,S,Master,Child,5,4.215,0
1,3,female,27.0,11.1333,S,Mrs,Adult,3,3.7111,0
1,2,female,14.0,30.0708,C,Mrs,Teen,2,15.0354,0
1,3,female,4.0,16.7,S,Miss,Child,3,5.566666666666666,0
1,1,female,58.0,26.55,S,Miss,MiddleAge,1,26.55,1
0,3,male,20.0,8.05,S,Mr,Adult,1,8.05,1
0,3,male,39.0,31.275,S,Mr,MiddleAge,7,4.4678571428571425,0
0,3,female,14.0,7.8542,S,Miss,Teen,1,7.8542,1
1,2,female,55.0,16.0,S,Mrs,MiddleAge,1,16.0,1
0,3,male,2.0,29.125,Q,Master,Child,6,4.854166666666667,0
1,2,male,30.0,13.0,S,Mr,Adult,1,13.0,1
0,3,female,31.0,18.0,S,Mrs,Adult,2,9.0,0
1,3,female,21.5,7.225,C,Mrs,Adult,1,7.225,1
0,2,male,35.0,26.0,S,Mr,Adult,1,26.0,1
1,2,male,34.0,13.0,S,Mr,Adult,1,13.0,1
1,3,female,15.0,8.0292,Q,Miss,Teen,1,8.0292,1
1,1,male,28.0,35.5,S,Mr,Adult,1,35.5,1
0,3,female,8.0,21.075,S,Miss,Child,5,4.215,0
1,3,female,38.0,31.3875,S,Mrs,MiddleAge,7,4.483928571428572,0
0,3,male,25.0,7.225,C,Mr,Adult,1,7.225,1
0,1,male,19.0,263.0,S,Mr,Teen,6,43.833333333333336,0
1,3,female,21.5,7.8792,Q,Miss,Adult,1,7.8792,1
0,3,male,25.0,7.8958,S,Mr,Adult,1,7.8958,1
0,1,male,40.0,27.7208,C,Don,MiddleAge,1,27.7208,1
1,1,female,35.0,146.5208,C,Mrs,Adult,2,73.2604,0
1,3,female,21.5,7.75,Q,Miss,Adult,1,7.75,1
0,2,male,66.0,10.5,S,Mr,Senior,1,10.5,1
0,1,male,28.0,82.1708,C,Mr,Adult,2,41.0854,0
0,1,male,42.0,52.0,S,Mr,MiddleAge,2,26.0,0
1,3,male,25.0,7.2292,C,Mr,Adult,1,7.2292,1
0,3,male,21.0,8.05,S,Mr,Adult,1,8.05,1
0,3,female,18.0,18.0,S,Miss,Teen,3,6.0,0
1,3,female,14.0,11.2417,C,Miss,Teen,2,5.62085,0
0,3,female,40.0,9.475,S,Mrs,MiddleAge,2,4.7375,0
0,2,female,27.0,21.0,S,Mrs,Adult,2,10.5,0
0,3,male,25.0,7.8958,C,Mr,Adult,1,7.8958,1
1,2,female,3.0,41.5792,C,Miss,Child,4,10.3948,0
1,3,female,19.0,7.8792,Q,Miss,Teen,1,7.8792,1
0,3,male,25.0,8.05,S,Mr,Adult,1,8.05,1
0,3,male,25.0,15.5,Q,Mr,Adult,2,7.75,0
1,3,female,21.5,7.75,Q,Miss,Adult,1,7.75,1
0,3,male,25.0,21.6792,C,Mr,Adult,3,7.226400000000001,0
0,3,female,18.0,17.8,S,Mrs,Teen,2,8.9,0
0,3,male,7.0,39.6875,S,Master,Child,6,6.614583333333333,0
0,3,male,21.0,7.8,S,Mr,Adult,1,7.8,1
1,1,female,49.0,76.7292,C,Mrs,MiddleAge,2,38.3646,0
1,2,female,29.0,26.0,S,Mrs,Adult,2,13.0,0
0,1,male,65.0,61.9792,C,Mr,Senior,2,30.9896,0
1,1,male,40.0,35.5,S,Mr,MiddleAge,1,35.5,1
1,2,female,21.0,10.5,S,Miss,Adult,1,10.5,1
0,3,male,28.5,7.2292,C,Mr,Adult,1,7.2292,1
1,2,female,5.0,27.75,S,Miss,Child,4,6.9375,0
0,3,male,11.0,46.9,S,Master,Child,8,5.8625,0
0,3,male,22.0,7.2292,C,Mr,Adult,1,7.2292,1
1,1,female,38.0,80.0,S,Miss,MiddleAge,1,80.0,1
0,1,male,45.0,83.475,S,Mr,MiddleAge,2,41.7375,0
0,3,male,4.0,27.9,S,Master,Child,6,4.6499999999999995,0
0,1,male,40.0,27.7208,C,Mr,MiddleAge,1,27.7208,1
1,3,male,25.0,15.2458,C,Master,Adult,3,5.081933333333333,0
1,2,female,29.0,10.5,S,Mrs,Adult,1,10.5,1
0,3,male,19.0,8.1583,S,Mr,Teen,1,8.1583,1
1,3,female,17.0,7.925,S,Miss,Teen,7,1.1321428571428571,0
0,3,male,26.0,8.6625,S,Mr,Adult,3,2.8874999999999997,0
0,2,male,32.0,10.5,S,Mr,Adult,1,10.5,1
0,3,female,16.0,46.9,S,Miss,Teen,8,5.8625,0
0,2,male,21.0,73.5,S,Mr,Adult,1,73.5,1
0,3,male,26.0,14.4542,C,Mr,Adult,2,7.2271,0
1,3,male,32.0,56.4958,S,Mr,Adult,1,56.4958,1
0,3,male,25.0,7.65,S,Mr,Adult,1,7.65,1
0,3,male,25.0,7.8958,S,Mr,Adult,1,7.8958,1
0,3,male,25.0,8.05,S,Mr,Adult,1,8.05,1
1,2,male,0.83,29.0,S,Master,Child,3,9.666666666666666,0
1,3,female,30.0,12.475,S,Miss,Adult,1,12.475,1
0,3,male,22.0,9.0,S,Mr,Adult,1,9.0,1
1,3,male,29.0,9.5,S,Mr,Adult,1,9.5,1
1,3,female,21.5,7.7875,Q,Miss,Adult,1,7.7875,1
0,1,male,28.0,47.1,S,Mr,Adult,1,47.1,1
1,2,female,17.0,10.5,S,Miss,Teen,1,10.5,1
1,3,female,33.0,15.85,S,Mrs,Adult,4,3.9625,0
0,3,male,16.0,34.375,S,Mr,Teen,5,6.875,0
0,3,male,25.0,8.05,S,Mr,Adult,1,8.05,1
1,1,female,23.0,263.0,S,Miss,Adult,6,43.833333333333336,0
0,3,male,24.0,8.05,S,Mr,Adult,1,8.05,1
0,3,male,29.0,8.05,S,Mr,Adult,1,8.05,1
0,3,male,20.0,7.8542,S,Mr,Adult,1,7.8542,1
0,1,male,46.0,61.175,S,Mr,MiddleAge,2,30.5875,0
0,3,male,26.0,20.575,S,Mr,Adult,4,5.14375,0
0,3,male,59.0,7.25,S,Mr,MiddleAge,1,7.25,1
0,3,male,25.0,8.05,S,Mr,Adult,1,8.05,1
0,1,male,71.0,34.6542,C,Mr,Senior,1,34.6542,1
1,1,male,23.0,63.3583,C,Mr,Adult,2,31.67915,0
1,2,female,34.0,23.0,S,Mrs,Adult,2,11.5,0
0,2,male,34.0,26.0,S,Mr,Adult,2,13.0,0
0,3,female,28.0,7.8958,S,Miss,Adult,1,7.8958,1
0,3,male,25.0,7.8958,S,Mr,Adult,1,7.8958,1
0,1,male,21.0,77.2875,S,Mr,Adult,2,38.64375,0
0,3,male,33.0,8.6542,S,Mr,Adult,1,8.6542,1
0,3,male,37.0,7.925,S,Mr,MiddleAge,3,2.6416666666666666,0
0,3,male,28.0,7.8958,S,Mr,Adult,1,7.8958,1
1,3,female,21.0,7.65,S,Miss,Adult,1,7.65,1
1,3,male,25.0,7.775,S,Mr,Adult,1,7.775,1
0,3,male,38.0,7.8958,S,Mr,MiddleAge,1,7.8958,1
1,3,female,21.5,24.15,Q,Miss,Adult,2,12.075,0
0,1,male,47.0,52.0,S,Mr,MiddleAge,1,52.0,1
0,3,female,14.5,14.4542,C,Miss,Teen,2,7.2271,0
0,3,male,22.0,8.05,S,Mr,Adult,1,8.05,1
0,3,female,20.0,9.825,S,Miss,Adult,2,4.9125,0
0,3,female,17.0,14.4583,C,Miss,Teen,1,14.4583,1
0,3,male,21.0,7.925,S,Mr,Adult,1,7.925,1
0,3,male,70.5,7.75,Q,Mr,Senior,1,7.75,1
0,2,male,29.0,21.0,S,Mr,Adult,2,10.5,0
0,1,male,24.0,247.5208,C,Mr,Adult,2,123.7604,0
0,3,female,2.0,31.275,S,Miss,Child,7,4.4678571428571425,0
0,2,male,21.0,73.5,S,Mr,Adult,3,24.5,0
0,3,male,25.0,8.05,S,Mr,Adult,1,8.05,1
0,2,male,32.5,30.0708,C,Mr,Adult,2,15.0354,0
1,2,female,32.5,13.0,S,Miss,Adult,1,13.0,1
0,1,male,54.0,77.2875,S,Mr,MiddleAge,2,38.64375,0
1,3,male,12.0,11.2417,C,Master,Child,2,5.62085,0
0,3,male,25.0,7.75,Q,Mr,Adult,1,7.75,1
1,3,male,24.0,7.1417,S,Mr,Adult,1,7.1417,1
1,3,female,21.5,22.3583,C,Miss,Adult,3,7.452766666666666,0
0,3,male,45.0,6.975,S,Mr,MiddleAge,1,6.975,1
0,3,male,33.0,7.8958,C,Mr,Adult,1,7.8958,1
0,3,male,20.0,7.05,S,Mr,Adult,1,7.05,1
0,3,female,47.0,14.5,S,Mrs,MiddleAge,2,7.25,0
1,2,female,29.0,26.0,S,Mrs,Adult,2,13.0,0
0,2,male,25.0,13.0,S,Mr,Adult,1,13.0,1
0,2,male,23.0,15.0458,C,Mr,Adult,1,15.0458,1
1,1,female,19.0,26.2833,S,Miss,Teen,3,8.7611,0
0,1,male,37.0,53.1,S,Mr,MiddleAge,2,26.55,0
0,3,male,16.0,9.2167,S,Mr,Teen,1,9.2167,1
0,1,male,24.0,79.2,C,Mr,Adult,1,79.2,1
0,3,female,21.5,15.2458,C,Mrs,Adult,3,5.081933333333333,0
1,3,female,22.0,7.75,S,Miss,Adult,1,7.75,1
1,3,female,24.0,15.85,S,Mrs,Adult,2,7.925,0
0,3,male,19.0,6.75,Q,Mr,Teen,1,6.75,1
0,2,male,18.0,11.5,S,Mr,Teen,1,11.5,1
0,2,male,19.0,36.75,S,Mr,Teen,3,12.25,0
1,3,male,27.0,7.7958,S,Mr,Adult,1,7.7958,1
0,3,female,9.0,34.375,S,Miss,Child,5,6.875,0
0,2,male,36.5,26.0,S,Mr,MiddleAge,3,8.666666666666666,0
0,2,male,42.0,13.0,S,Rev,MiddleAge,1,13.0,1
0,2,male,51.0,12.525,S,Rev,MiddleAge,1,12.525,1
1,1,female,22.0,66.6,S,Mrs,Adult,2,33.3,0
0,3,male,55.5,8.05,S,Mr,MiddleAge,1,8.05,1
0,3,male,40.5,14.5,S,Mr,MiddleAge,3,4.833333333333333,0
0,3,male,25.0,7.3125,S,Mr,Adult,1,7.3125,1
0,1,male,51.0,61.3792,C,Mr,MiddleAge,2,30.6896,0
1,3,female,16.0,7.7333,Q,Miss,Teen,1,7.7333,1
0,3,male,30.0,8.05,S,Mr,Adult,1,8.05,1
0,3,male,25.0,8.6625,S,Mr,Adult,1,8.6625,1
0,3,male,25.0,69.55,S,Master,Adult,11,6.322727272727272,0
0,3,male,44.0,16.1,S,Mr,MiddleAge,2,8.05,0
1,2,female,40.0,15.75,S,Mrs,MiddleAge,1,15.75,1
0,3,male,26.0,7.775,S,Mr,Adult,1,7.775,1
0,3,male,17.0,8.6625,S,Mr,Teen,1,8.6625,1
0,3,male,1.0,39.6875,S,Master,Child,6,6.614583333333333,0
1,3,male,9.0,20.525,S,Master,Child,3,6.841666666666666,0
1,1,female,35.0,55.0,S,Mrs,Adult,2,27.5,0
0,3,female,45.0,27.9,S,Mrs,MiddleAge,6,4.6499999999999995,0
0,1,male,40.0,25.925,S,Mr,MiddleAge,1,25.925,1
0,3,male,28.0,56.4958,S,Mr,Adult,1,56.4958,1
0,1,male,61.0,33.5,S,Mr,Senior,1,33.5,1
0,3,male,4.0,29.125,Q,Master,Child,6,4.854166666666667,0
1,3,female,1.0,11.1333,S,Miss,Child,3,3.7111,0
0,3,male,21.0,7.925,S,Mr,Adult,1,7.925,1
0,1,male,56.0,30.6958,C,Mr,MiddleAge,1,30.6958,1
0,3,male,18.0,7.8542,S,Mr,Teen,3,2.6180666666666665,0
0,3,male,25.0,25.4667,S,Master,Adult,5,5.0933399999999995,0
0,1,female,50.0,28.7125,C,Miss,MiddleAge,1,28.7125,1
0,2,male,30.0,13.0,S,Mr,Adult,1,13.0,1
0,3,male,36.0,0.0,S,Mr,MiddleAge,1,0.0,1
0,3,female,21.5,69.55,S,Miss,Adult,11,6.322727272727272,0
0,2,male,30.0,15.05,C,Mr,Adult,1,15.05,1
0,3,male,9.0,31.3875,S,Master,Child,7,4.483928571428572,0
1,2,male,1.0,39.0,S,Master,Child,4,9.75,0
1,3,female,4.0,22.025,S,Miss,Child,3,7.341666666666666,0
0,1,male,40.0,50.0,S,Mr,MiddleAge,1,50.0,1
1,3,female,21.5,15.5,Q,Mrs,Adult,2,7.75,0
1,1,male,45.0,26.55,S,Mr,MiddleAge,1,26.55,1
0,3,male,40.0,15.5,Q,Mr,MiddleAge,3,5.166666666666667,0
0,3,male,36.0,7.8958,S,Mr,MiddleAge,1,7.8958,1
1,2,female,32.0,13.0,S,Mrs,Adult,1,13.0,1
0,2,male,19.0,13.0,S,Mr,Teen,1,13.0,1
1,3,female,19.0,7.8542,S,Miss,Teen,2,3.9271,0
1,2,male,3.0,26.0,S,Master,Child,3,8.666666666666666,0
1,1,female,44.0,27.7208,C,Mrs,MiddleAge,1,27.7208,1
1,1,female,58.0,146.5208,C,Miss,MiddleAge,1,146.5208,1
0,3,male,25.0,7.75,Q,Mr,Adult,1,7.75,1
0,3,male,42.0,8.4042,S,Mr,MiddleAge,2,4.2021,0
1,3,female,21.5,7.75,Q,Miss,Adult,1,7.75,1
0,2,female,24.0,13.0,S,Miss,Adult,1,13.0,1
0,3,male,28.0,9.5,S,Mr,Adult,1,9.5,1
0,3,male,25.0,69.55,S,Mr,Adult,11,6.322727272727272,0
0,3,male,34.0,6.4958,S,Mr,Adult,1,6.4958,1
0,3,male,45.5,7.225,C,Mr,MiddleAge,1,7.225,1
1,3,male,18.0,8.05,S,Mr,Teen,1,8.05,1
0,3,female,2.0,10.4625,S,Miss,Child,2,5.23125,0
0,3,male,32.0,15.85,S,Mr,Adult,2,7.925,0
1,3,male,26.0,18.7875,C,Mr,Adult,1,18.7875,1
1,3,female,16.0,7.75,Q,Miss,Teen,1,7.75,1
1,1,male,40.0,31.0,C,Mr,MiddleAge,1,31.0,1
0,3,male,24.0,7.05,S,Mr,Adult,1,7.05,1
1,2,female,35.0,21.0,S,Miss,Adult,1,21.0,1
0,3,male,22.0,7.25,S,Mr,Adult,1,7.25,1
0,2,male,30.0,13.0,S,Mr,Adult,1,13.0,1
0,3,male,25.0,7.75,Q,Mr,Adult,2,3.875,0
1,1,female,31.0,113.275,C,Miss,Adult,2,56.6375,0
1,3,female,27.0,7.925,S,Miss,Adult,1,7.925,1
0,2,male,42.0,27.0,S,Mr,MiddleAge,2,13.5,0
1,1,female,32.0,76.2917,C,Miss,Adult,1,76.2917,1
0,2,male,30.0,10.5,S,Mr,Adult,1,10.5,1
1,3,male,16.0,8.05,S,Mr,Teen,1,8.05,1
0,2,male,27.0,13.0,S,Mr,Adult,1,13.0,1
0,3,male,51.0,8.05,S,Mr,MiddleAge,1,8.05,1
0,3,male,25.0,7.8958,S,Mr,Adult,1,7.8958,1
1,1,male,38.0,90.0,S,Mr,MiddleAge,2,45.0,0
0,3,male,22.0,9.35,S,Mr,Adult,1,9.35,1
1,2,male,19.0,10.5,S,Mr,Teen,1,10.5,1
0,3,male,20.5,7.25,S,Mr,Adult,1,7.25,1
0,2,male,18.0,13.0,S,Mr,Teen,1,13.0,1
0,3,female,21.5,25.4667,S,Miss,Adult,5,5.0933399999999995,0
1,1,female,35.0,83.475,S,Mrs,Adult,2,41.7375,0
0,3,male,29.0,7.775,S,Mr,Adult,1,7.775,1
0,2,male,59.0,13.5,S,Mr,MiddleAge,1,13.5,1
1,3,female,5.0,31.3875,S,Miss,Child,7,4.483928571428572,0
0,2,male,24.0,10.5,S,Mr,Adult,1,10.5,1
0,3,female,21.5,7.55,S,Miss,Adult,1,7.55,1
0,2,male,44.0,26.0,S,Mr,MiddleAge,2,13.0,0
1,2,female,8.0,26.25,S,Miss,Child,3,8.75,0
0,2,male,19.0,10.5,S,Mr,Teen,1,10.5,1
0,2,male,33.0,12.275,S,Mr,Adult,1,12.275,1
0,3,female,21.5,14.4542,C,Miss,Adult,2,7.2271,0
1,3,female,21.5,15.5,Q,Miss,Adult,2,7.75,0
0,2,male,29.0,10.5,S,Mr,Adult,1,10.5,1
0,3,male,22.0,7.125,S,Mr,Adult,1,7.125,1
0,3,male,30.0,7.225,C,Mr,Adult,1,7.225,1
0,1,male,44.0,90.0,Q,Dr,MiddleAge,3,30.0,0
0,3,female,25.0,7.775,S,Miss,Adult,1,7.775,1
1,2,female,24.0,14.5,S,Mrs,Adult,3,4.833333333333333,0
1,1,male,37.0,52.5542,S,Mr,MiddleAge,3,17.518066666666666,0
0,2,male,54.0,26.0,S,Rev,MiddleAge,2,13.0,0
0,3,male,25.0,7.25,S,Mr,Adult,1,7.25,1
0,3,female,29.0,10.4625,S,Mrs,Adult,3,3.4875000000000003,0
0,1,male,62.0,26.55,S,Mr,Senior,1,26.55,1
0,3,male,30.0,16.1,S,Mr,Adult,2,8.05,0
0,3,female,41.0,20.2125,S,Mrs,MiddleAge,3,6.7375,0
1,3,female,29.0,15.2458,C,Mrs,Adult,3,5.081933333333333,0
1,1,female,35.0,79.2,C,Mrs,Adult,1,79.2,1
1,1,female,30.0,86.5,S,Miss,Adult,1,86.5,1
1,2,female,50.0,26.0,S,Mrs,MiddleAge,2,13.0,0
0,3,male,25.0,7.75,Q,Mr,Adult,1,7.75,1
1,3,male,3.0,31.3875,S,Master,Child,7,4.483928571428572,0
0,1,male,52.0,79.65,S,Mr,MiddleAge,3,26.55,0
0,1,male,40.0,0.0,S,Mr,MiddleAge,1,0.0,1
0,3,female,21.5,7.75,Q,Miss,Adult,1,7.75,1
0,2,male,36.0,10.5,S,Mr,MiddleAge,1,10.5,1
0,3,male,16.0,39.6875,S,Mr,Teen,6,6.614583333333333,0
1,3,male,25.0,7.775,S,Mr,Adult,2,3.8875,0
1,1,female,58.0,153.4625,S,Mrs,MiddleAge,2,76.73125,0
1,1,female,35.0,135.6333,S,Miss,Adult,1,135.6333,1
0,1,male,40.0,31.0,S,Mr,MiddleAge,1,31.0,1
1,3,male,25.0,0.0,S,Mr,Adult,1,0.0,1
1,2,female,41.0,19.5,S,Mrs,MiddleAge,2,9.75,0
0,1,male,37.0,29.7,C,Mr,MiddleAge,2,14.85,0
1,3,female,21.5,7.75,Q,Miss,Adult,1,7.75,1
1,1,female,63.0,77.9583,S,Miss,Senior,2,38.97915,0
0,3,female,45.0,7.75,S,Miss,MiddleAge,1,7.75,1
0,2,male,30.0,0.0,S,Mr,Adult,1,0.0,1
0,3,male,7.0,29.125,Q,Master,Child,6,4.854166666666667,0
1,3,female,35.0,20.25,S,Mrs,Adult,3,6.75,0
0,3,male,65.0,7.75,Q,Mr,Senior,1,7.75,1
0,3,male,28.0,7.8542,S,Mr,Adult,1,7.8542,1
0,3,male,16.0,9.5,S,Mr,Teen,1,9.5,1
1,3,male,19.0,8.05,S,Mr,Teen,1,8.05,1
0,1,male,40.0,26.0,S,Mr,MiddleAge,1,26.0,1
0,3,male,33.0,8.6625,C,Mr,Adult,1,8.6625,1
1,3,male,30.0,9.5,S,Mr,Adult,1,9.5,1
0,3,male,22.0,7.8958,S,Mr,Adult,1,7.8958,1
1,2,male,42.0,13.0,S,Mr,MiddleAge,1,13.0,1
1,3,female,22.0,7.75,Q,Miss,Adult,1,7.75,1
1,1,female,26.0,78.85,S,Miss,Adult,1,78.85,1
1,1,female,19.0,91.0792,C,Mrs,Teen,2,45.5396,0
0,2,male,36.0,12.875,C,Mr,MiddleAge,1,12.875,1
0,3,female,24.0,8.85,S,Miss,Adult,1,8.85,1
0,3,male,24.0,7.8958,S,Mr,Adult,1,7.8958,1
0,1,male,40.0,27.7208,C,Mr,MiddleAge,1,27.7208,1
0,3,male,23.5,7.2292,C,Mr,Adult,1,7.2292,1
0,1,female,2.0,151.55,S,Miss,Child,4,37.8875,0
1,1,male,40.0,30.5,S,Mr,MiddleAge,1,30.5,1
1,1,female,50.0,247.5208,C,Mrs,MiddleAge,2,123.7604,0
1,3,female,21.5,7.75,Q,Miss,Adult,1,7.75,1
1,3,male,25.0,23.25,Q,Mr,Adult,3,7.75,0
0,3,male,19.0,0.0,S,Mr,Teen,1,0.0,1
1,2,female,28.0,12.35,Q,Miss,Adult,1,12.35,1
0,3,male,25.0,8.05,S,Mr,Adult,1,8.05,1
1,1,male,0.92,151.55,S,Master,Child,4,37.8875,0
1,1,female,35.0,110.8833,C,Miss,Adult,1,110.8833,1
1,1,female,17.0,108.9,C,Mrs,Teen,2,54.45,0
0,2,male,30.0,24.0,C,Mr,Adult,2,12.0,0
1,1,female,30.0,56.9292,C,Miss,Adult,1,56.9292,1
1,1,female,24.0,83.1583,C,Miss,Adult,1,83.1583,1
1,1,female,18.0,262.375,C,Miss,Teen,5,52.475,0
0,2,female,26.0,26.0,S,Mrs,Adult,3,8.666666666666666,0
0,3,male,28.0,7.8958,S,Mr,Adult,1,7.8958,1
0,2,male,43.0,26.25,S,Mr,MiddleAge,3,8.75,0
1,3,female,26.0,7.8542,S,Miss,Adult,1,7.8542,1
1,2,female,24.0,26.0,S,Mrs,Adult,2,13.0,0
0,2,male,54.0,14.0,S,Dr,MiddleAge,1,14.0,1
1,1,female,31.0,164.8667,S,Miss,Adult,3,54.95556666666667,0
1,1,female,40.0,134.5,C,Mrs,MiddleAge,3,44.833333333333336,0
0,3,male,22.0,7.25,S,Mr,Adult,1,7.25,1
0,3,male,27.0,7.8958,S,Mr,Adult,1,7.8958,1
1,2,female,30.0,12.35,Q,Miss,Adult,1,12.35,1
1,2,female,22.0,29.0,S,Mrs,Adult,3,9.666666666666666,0
0,3,male,25.0,69.55,S,Mr,Adult,11,6.322727272727272,0
1,1,female,36.0,135.6333,C,Miss,MiddleAge,1,135.6333,1
0,3,male,61.0,6.2375,S,Mr,Senior,1,6.2375,1
1,2,female,36.0,13.0,S,Mrs,MiddleAge,1,13.0,1
1,3,female,31.0,20.525,S,Mrs,Adult,3,6.841666666666666,0
1,1,female,16.0,57.9792,C,Miss,Teen,2,28.9896,0
1,3,female,21.5,23.25,Q,Miss,Adult,3,7.75,0
0,1,male,45.5,28.5,S,Mr,MiddleAge,1,28.5,1
0,1,male,38.0,153.4625,S,Mr,MiddleAge,2,76.73125,0
0,3,male,16.0,18.0,S,Mr,Teen,3,6.0,0
1,1,female,35.0,133.65,S,Mrs,Adult,2,66.825,0
0,3,male,25.0,7.8958,S,Mr,Adult,1,7.8958,1
0,1,male,29.0,66.6,S,Mr,Adult,2,33.3,0
1,1,female,41.0,134.5,C,Miss,MiddleAge,1,134.5,1
1,3,male,45.0,8.05,S,Mr,MiddleAge,1,8.05,1
0,1,male,45.0,35.5,S,Mr,MiddleAge,1,35.5,1
1,2,male,2.0,26.0,S,Master,Child,3,8.666666666666666,0
1,1,female,24.0,263.0,S,Miss,Adult,6,43.833333333333336,0
0,2,male,28.0,13.0,S,Mr,Adult,1,13.0,1
0,2,male,25.0,13.0,S,Mr,Adult,1,13.0,1
0,2,male,36.0,13.0,S,Mr,MiddleAge,1,13.0,1
1,2,female,24.0,13.0,S,Miss,Adult,1,13.0,1
1,2,female,40.0,13.0,S,Miss,MiddleAge,1,13.0,1
1,3,female,21.5,16.1,S,Mrs,Adult,2,8.05,0
1,3,male,3.0,15.9,S,Master,Child,3,5.3,0
0,3,male,42.0,8.6625,S,Mr,MiddleAge,1,8.6625,1
0,3,male,23.0,9.225,S,Mr,Adult,1,9.225,1
0,1,male,40.0,35.0,S,Mr,MiddleAge,1,35.0,1
0,3,male,15.0,7.2292,C,Mr,Teen,3,2.409733333333333,0
0,3,male,25.0,17.8,S,Mr,Adult,2,8.9,0
0,3,male,25.0,7.225,C,Mr,Adult,1,7.225,1
0,3,male,28.0,9.5,S,Mr,Adult,1,9.5,1
1,1,female,22.0,55.0,S,Miss,Adult,2,27.5,0
0,2,female,38.0,13.0,S,Miss,MiddleAge,1,13.0,1
1,3,female,21.5,7.8792,Q,Miss,Adult,1,7.8792,1
1,3,female,21.5,7.8792,Q,Miss,Adult,1,7.8792,1
0,3,male,40.0,27.9,S,Mr,MiddleAge,6,4.6499999999999995,0
0,2,male,29.0,27.7208,C,Mr,Adult,2,13.8604,0
0,3,female,45.0,14.4542,C,Mrs,MiddleAge,2,7.2271,0
0,3,male,35.0,7.05,S,Mr,Adult,1,7.05,1
0,3,male,25.0,15.5,Q,Mr,Adult,2,7.75,0
0,3,male,30.0,7.25,S,Mr,Adult,1,7.25,1
1,1,female,60.0,75.25,C,Mrs,MiddleAge,2,37.625,0
1,3,female,21.5,7.2292,C,Mrs,Adult,1,7.2292,1
1,3,female,21.5,7.75,Q,Miss,Adult,1,7.75,1
1,1,female,24.0,69.3,C,Mme,Adult,1,69.3,1
1,1,male,25.0,55.4417,C,Mr,Adult,2,27.72085,0
0,3,male,18.0,6.4958,S,Mr,Teen,2,3.2479,0
0,3,male,19.0,8.05,S,Mr,Teen,1,8.05,1
0,1,male,22.0,135.6333,C,Mr,Adult,1,135.6333,1
0,3,female,3.0,21.075,S,Miss,Child,5,4.215,0
1,1,female,35.0,82.1708,C,Mrs,Adult,2,41.0854,0
1,3,female,22.0,7.25,S,Miss,Adult,1,7.25,1
0,1,male,27.0,211.5,C,Mr,Adult,3,70.5,0
0,3,male,20.0,4.0125,C,Mr,Adult,1,4.0125,1
0,3,male,19.0,7.775,S,Mr,Teen,1,7.775,1
1,1,female,42.0,227.525,C,Miss,MiddleAge,1,227.525,1
1,3,female,1.0,15.7417,C,Miss,Child,3,5.247233333333333,0
0,3,male,32.0,7.925,S,Mr,Adult,1,7.925,1
1,1,female,35.0,52.0,S,Mrs,Adult,2,26.0,0
0,3,male,25.0,7.8958,S,Mr,Adult,1,7.8958,1
0,2,male,18.0,73.5,S,Mr,Teen,1,73.5,1
0,3,male,1.0,46.9,S,Master,Child,8,5.8625,0
1,2,female,36.0,13.0,S,Miss,MiddleAge,1,13.0,1
0,3,male,25.0,7.7292,Q,Mr,Adult,1,7.7292,1
1,2,female,17.0,12.0,C,Miss,Teen,1,12.0,1
1,1,male,36.0,120.0,S,Mr,MiddleAge,4,30.0,0
1,3,male,21.0,7.7958,S,Mr,Adult,1,7.7958,1
0,3,male,28.0,7.925,S,Mr,Adult,3,2.6416666666666666,0
1,1,female,23.0,113.275,C,Miss,Adult,2,56.6375,0
1,3,female,24.0,16.7,S,Mrs,Adult,3,5.566666666666666,0
0,3,male,22.0,7.7958,S,Mr,Adult,1,7.7958,1
0,3,female,31.0,7.8542,S,Miss,Adult,1,7.8542,1
0,2,male,46.0,26.0,S,Mr,MiddleAge,1,26.0,1
0,2,male,23.0,10.5,S,Dr,Adult,1,10.5,1
1,2,female,28.0,12.65,S,Mrs,Adult,1,12.65,1
1,3,male,39.0,7.925,S,Mr,MiddleAge,1,7.925,1
0,3,male,26.0,8.05,S,Mr,Adult,1,8.05,1
0,3,female,21.0,9.825,S,Miss,Adult,2,4.9125,0
0,3,male,28.0,15.85,S,Mr,Adult,2,7.925,0
0,3,female,20.0,8.6625,S,Miss,Adult,1,8.6625,1
0,2,male,34.0,21.0,S,Mr,Adult,2,10.5,0
0,3,male,51.0,7.75,S,Mr,MiddleAge,1,7.75,1
1,2,male,3.0,18.75,S,Master,Child,3,6.25,0
0,3,male,21.0,7.775,S,Mr,Adult,1,7.775,1
0,3,female,21.5,25.4667,S,Miss,Adult,5,5.0933399999999995,0
0,3,male,25.0,7.8958,S,Mr,Adult,1,7.8958,1
0,3,male,25.0,6.8583,Q,Mr,Adult,1,6.8583,1
1,1,female,33.0,90.0,Q,Miss,Adult,2,45.0,0
0,2,male,30.0,0.0,S,Mr,Adult,1,0.0,1
1,3,male,44.0,7.925,S,Mr,MiddleAge,1,7.925,1
0,3,female,21.5,8.05,S,Mrs,Adult,1,8.05,1
1,2,female,34.0,32.5,S,Mrs,Adult,3,10.833333333333334,0
1,2,female,18.0,13.0,S,Miss,Teen,3,4.333333333333333,0
0,2,male,30.0,13.0,S,Mr,Adult,1,13.0,1
0,3,female,10.0,24.15,S,Miss,Child,3,8.049999999999999,0
0,3,male,25.0,7.8958,C,Mr,Adult,1,7.8958,1
0,3,male,21.0,7.7333,Q,Mr,Adult,1,7.7333,1
0,3,male,29.0,7.875,S,Mr,Adult,1,7.875,1
0,3,female,28.0,14.4,S,Mrs,Adult,3,4.8,0
0,3,male,18.0,20.2125,S,Mr,Teen,3,6.7375,0
0,3,male,25.0,7.25,S,Mr,Adult,1,7.25,1
1,2,female,28.0,26.0,S,Mrs,Adult,2,13.0,0
1,2,female,19.0,26.0,S,Miss,Teen,1,26.0,1
0,3,male,25.0,7.75,Q,Mr,Adult,1,7.75,1
1,3,male,32.0,8.05,S,Mr,Adult,1,8.05,1
1,1,male,28.0,26.55,S,Mr,Adult,1,26.55,1
1,3,female,21.5,16.1,S,Mrs,Adult,2,8.05,0
1,2,female,42.0,26.0,S,Mrs,MiddleAge,2,13.0,0
0,3,male,17.0,7.125,S,Mr,Teen,1,7.125,1
0,1,male,50.0,55.9,S,Mr,MiddleAge,2,27.95,0
1,1,female,14.0,120.0,S,Miss,Teen,4,30.0,0
0,3,female,21.0,34.375,S,Miss,Adult,5,6.875,0
1,2,female,24.0,18.75,S,Mrs,Adult,6,3.125,0
0,1,male,64.0,263.0,S,Mr,Senior,6,43.833333333333336,0
0,2,male,31.0,10.5,S,Mr,Adult,1,10.5,1
1,2,female,45.0,26.25,S,Mrs,MiddleAge,3,8.75,0
0,3,male,20.0,9.5,S,Mr,Adult,1,9.5,1
0,3,male,25.0,7.775,S,Mr,Adult,2,3.8875,0
1,2,female,28.0,13.0,S,Ms,Adult,1,13.0,1
1,3,male,25.0,8.1125,S,Mr,Adult,1,8.1125,1
1,1,male,4.0,81.8583,S,Master,Child,3,27.2861,0
1,2,female,13.0,19.5,S,Miss,Teen,2,9.75,0
1,1,male,34.0,26.55,S,Mr,Adult,1,26.55,1
1,3,female,5.0,19.2583,C,Miss,Child,4,4.814575,0
1,1,male,52.0,30.5,S,Major,MiddleAge,1,30.5,1
0,2,male,36.0,27.75,S,Mr,MiddleAge,4,6.9375,0
0,3,male,25.0,19.9667,S,Mr,Adult,2,9.98335,0
0,1,male,30.0,27.75,C,Mr,Adult,1,27.75,1
1,1,male,49.0,89.1042,C,Mr,MiddleAge,2,44.5521,0
0,3,male,25.0,8.05,S,Mr,Adult,1,8.05,1
1,3,male,29.0,7.8958,C,Mr,Adult,1,7.8958,1
0,1,male,65.0,26.55,S,Mr,Senior,1,26.55,1
1,1,female,35.0,51.8625,S,Mrs,Adult,2,25.93125,0
1,2,female,50.0,10.5,S,Miss,MiddleAge,1,10.5,1
0,3,male,25.0,7.75,Q,Mr,Adult,1,7.75,1
1,1,male,48.0,26.55,S,Mr,MiddleAge,1,26.55,1
0,3,male,34.0,8.05,S,Mr,Adult,1,8.05,1
0,1,male,47.0,38.5,S,Mr,MiddleAge,1,38.5,1
0,2,male,48.0,13.0,S,Mr,MiddleAge,1,13.0,1
0,3,male,25.0,8.05,S,Mr,Adult,1,8.05,1
0,3,male,38.0,7.05,S,Mr,MiddleAge,1,7.05,1
0,2,male,30.0,0.0,S,Mr,Adult,1,0.0,1
0,1,male,56.0,26.55,S,Mr,MiddleAge,1,26.55,1
0,3,male,25.0,7.725,Q,Mr,Adult,1,7.725,1
1,3,female,0.75,19.2583,C,Miss,Child,4,4.814575,0
0,3,male,25.0,7.25,S,Mr,Adult,1,7.25,1
0,3,male,38.0,8.6625,S,Mr,MiddleAge,1,8.6625,1
1,2,female,33.0,27.75,S,Mrs,Adult,4,6.9375,0
1,2,female,23.0,13.7917,C,Mrs,Adult,1,13.7917,1
0,3,female,22.0,9.8375,S,Miss,Adult,1,9.8375,1
0,1,male,40.0,52.0,S,Mr,MiddleAge,1,52.0,1
0,2,male,34.0,21.0,S,Mr,Adult,2,10.5,0
0,3,male,29.0,7.0458,S,Mr,Adult,2,3.5229,0
0,3,male,22.0,7.5208,S,Mr,Adult,1,7.5208,1
1,3,female,2.0,12.2875,S,Miss,Child,2,6.14375,0
0,3,male,9.0,46.9,S,Master,Child,8,5.8625,0
0,2,male,30.0,0.0,S,Mr,Adult,1,0.0,1
0,3,male,50.0,8.05,S,Mr,MiddleAge,1,8.05,1
1,3,female,63.0,9.5875,S,Mrs,Senior,1,9.5875,1
1,1,male,25.0,91.0792,C,Mr,Adult,2,45.5396,0
0,3,female,21.5,25.4667,S,Miss,Adult,5,5.0933399999999995,0
1,1,female,35.0,90.0,S,Mrs,Adult,2,45.0,0
0,1,male,58.0,29.7,C,Mr,MiddleAge,1,29.7,1
0,3,male,30.0,8.05,S,Mr,Adult,1,8.05,1
1,3,male,9.0,15.9,S,Master,Child,3,5.3,0
0,3,male,25.0,19.9667,S,Mr,Adult,2,9.98335,0
0,3,male,21.0,7.25,S,Mr,Adult,1,7.25,1
0,1,male,55.0,30.5,S,Mr,MiddleAge,1,30.5,1
0,1,male,71.0,49.5042,C,Mr,Senior,1,49.5042,1
0,3,male,21.0,8.05,S,Mr,Adult,1,8.05,1
0,3,male,25.0,14.4583,C,Mr,Adult,1,14.4583,1
1,1,female,54.0,78.2667,C,Miss,MiddleAge,2,39.13335,0
0,3,male,25.0,15.1,S,Mr,Adult,1,15.1,1
0,1,female,25.0,151.55,S,Mrs,Adult,4,37.8875,0
0,3,male,24.0,7.7958,S,Mr,Adult,1,7.7958,1
0,3,male,17.0,8.6625,S,Mr,Teen,1,8.6625,1
0,3,female,21.0,7.75,Q,Miss,Adult,1,7.75,1
0,3,female,21.5,7.6292,Q,Miss,Adult,1,7.6292,1
0,3,female,37.0,9.5875,S,Miss,MiddleAge,1,9.5875,1
1,1,female,16.0,86.5,S,Miss,Teen,1,86.5,1
0,1,male,18.0,108.9,C,Mr,Teen,2,54.45,0
1,2,female,33.0,26.0,S,Mrs,Adult,3,8.666666666666666,0
1,1,male,40.0,26.55,S,Mr,MiddleAge,1,26.55,1
0,3,male,28.0,22.525,S,Mr,Adult,1,22.525,1
1,3,male,26.0,56.4958,S,Mr,Adult,1,56.4958,1
1,3,male,29.0,7.75,Q,Mr,Adult,1,7.75,1
0,3,male,25.0,8.05,S,Mr,Adult,1,8.05,1
1,1,male,36.0,26.2875,S,Mr,MiddleAge,1,26.2875,1
1,1,female,54.0,59.4,C,Mrs,MiddleAge,2,29.7,0
0,3,male,24.0,7.4958,S,Mr,Adult,1,7.4958,1
0,1,male,47.0,34.0208,S,Mr,MiddleAge,1,34.0208,1
1,2,female,34.0,10.5,S,Mrs,Adult,1,10.5,1
0,3,male,25.0,24.15,Q,Mr,Adult,1,24.15,1
1,2,female,36.0,26.0,S,Mrs,MiddleAge,2,13.0,0
0,3,male,32.0,7.8958,S,Mr,Adult,1,7.8958,1
1,1,female,30.0,93.5,S,Miss,Adult,1,93.5,1
0,3,male,22.0,7.8958,S,Mr,Adult,1,7.8958,1
0,3,male,25.0,7.225,C,Mr,Adult,1,7.225,1
1,1,female,44.0,57.9792,C,Mrs,MiddleAge,2,28.9896,0
0,3,male,25.0,7.2292,C,Mr,Adult,1,7.2292,1
0,3,male,40.5,7.75,Q,Mr,MiddleAge,1,7.75,1
1,2,female,50.0,10.5,S,Miss,MiddleAge,1,10.5,1
0,1,male,40.0,221.7792,S,Mr,MiddleAge,1,221.7792,1
0,3,male,39.0,7.925,S,Mr,MiddleAge,1,7.925,1
0,2,male,23.0,11.5,S,Mr,Adult,4,2.875,0
1,2,female,2.0,26.0,S,Miss,Child,3,8.666666666666666,0
0,3,male,25.0,7.2292,C,Mr,Adult,1,7.2292,1
0,3,male,17.0,7.2292,C,Mr,Teen,3,2.409733333333333,0
1,3,female,21.5,22.3583,C,Mrs,Adult,3,7.452766666666666,0
0,3,female,30.0,8.6625,S,Miss,Adult,1,8.6625,1
1,2,female,7.0,26.25,S,Miss,Child,3,8.75,0
0,1,male,45.0,26.55,S,Major,MiddleAge,1,26.55,1
1,1,female,30.0,106.425,C,Miss,Adult,1,106.425,1
0,3,male,25.0,14.5,S,Mr,Adult,1,14.5,1
1,1,female,22.0,49.5,C,Miss,Adult,3,16.5,0
1,1,female,36.0,71.0,S,Miss,MiddleAge,3,23.666666666666668,0
0,3,female,9.0,31.275,S,Miss,Child,7,4.4678571428571425,0
0,3,female,11.0,31.275,S,Miss,Child,7,4.4678571428571425,0
1,2,male,32.0,26.0,S,Mr,Adult,2,13.0,0
0,1,male,50.0,106.425,C,Mr,MiddleAge,2,53.2125,0
0,1,male,64.0,26.0,S,Mr,Senior,1,26.0,1
1,2,female,19.0,26.0,S,Mrs,Teen,2,13.0,0
1,2,male,30.0,13.8625,C,Mr,Adult,1,13.8625,1
0,3,male,33.0,20.525,S,Mr,Adult,3,6.841666666666666,0
1,2,male,8.0,36.75,S,Master,Child,3,12.25,0
1,1,male,17.0,110.8833,C,Mr,Teen,3,36.9611,0
0,2,male,27.0,26.0,S,Mr,Adult,1,26.0,1
0,3,male,25.0,7.8292,Q,Mr,Adult,1,7.8292,1
1,3,male,22.0,7.225,C,Mr,Adult,1,7.225,1
1,3,female,22.0,7.775,S,Miss,Adult,1,7.775,1
0,1,male,62.0,26.55,S,Mr,Senior,1,26.55,1
1,1,female,48.0,39.6,C,Lady,MiddleAge,2,19.8,0
0,1,male,40.0,227.525,C,Mr,MiddleAge,1,227.525,1
1,1,female,39.0,79.65,S,Mrs,MiddleAge,3,26.55,0
1,3,female,36.0,17.4,S,Mrs,MiddleAge,2,8.7,0
0,3,male,25.0,7.75,Q,Mr,Adult,1,7.75,1
0,3,male,40.0,7.8958,S,Mr,MiddleAge,1,7.8958,1
0,2,male,28.0,13.5,S,Mr,Adult,1,13.5,1
0,3,male,25.0,8.05,S,Mr,Adult,1,8.05,1
0,3,female,21.5,8.05,S,Miss,Adult,1,8.05,1
0,3,male,24.0,24.15,S,Mr,Adult,3,8.049999999999999,0
0,3,male,19.0,7.8958,S,Mr,Teen,1,7.8958,1
0,3,female,29.0,21.075,S,Mrs,Adult,5,4.215,0
0,3,male,25.0,7.2292,C,Mr,Adult,1,7.2292,1
1,3,male,32.0,7.8542,S,Mr,Adult,1,7.8542,1
1,2,male,62.0,10.5,S,Mr,Senior,1,10.5,1
1,1,female,53.0,51.4792,S,Mrs,MiddleAge,3,17.15973333333333,0
1,1,male,36.0,26.3875,S,Mr,MiddleAge,1,26.3875,1
1,3,female,21.5,7.75,Q,Miss,Adult,1,7.75,1
0,3,male,16.0,8.05,S,Mr,Teen,1,8.05,1
0,3,male,19.0,14.5,S,Mr,Teen,1,14.5,1
1,2,female,34.0,13.0,S,Miss,Adult,1,13.0,1
1,1,female,39.0,55.9,S,Mrs,MiddleAge,2,27.95,0
0,3,female,21.5,14.4583,C,Mrs,Adult,2,7.22915,0
1,3,male,32.0,7.925,S,Mr,Adult,1,7.925,1
1,2,female,25.0,30.0,S,Miss,Adult,3,10.0,0
1,1,female,39.0,110.8833,C,Mrs,MiddleAge,3,36.9611,0
0,2,male,54.0,26.0,S,Mr,MiddleAge,1,26.0,1
0,1,male,36.0,40.125,C,Mr,MiddleAge,1,40.125,1
0,3,male,25.0,8.7125,C,Mr,Adult,1,8.7125,1
1,1,female,18.0,79.65,S,Miss,Teen,3,26.55,0
0,2,male,47.0,15.0,S,Mr,MiddleAge,1,15.0,1
1,1,male,60.0,79.2,C,Mr,MiddleAge,3,26.400000000000002,0
0,3,male,22.0,8.05,S,Mr,Adult,1,8.05,1
0,3,male,25.0,8.05,S,Mr,Adult,1,8.05,1
0,3,male,35.0,7.125,S,Mr,Adult,1,7.125,1
1,1,female,52.0,78.2667,C,Mrs,MiddleAge,2,39.13335,0
0,3,male,47.0,7.25,S,Mr,MiddleAge,1,7.25,1
0,3,female,21.5,7.75,Q,Miss,Adult,3,2.5833333333333335,0
0,2,male,37.0,26.0,S,Mr,MiddleAge,2,13.0,0
0,3,male,36.0,24.15,S,Mr,MiddleAge,3,8.049999999999999,0
1,2,female,28.0,33.0,S,Miss,Adult,1,33.0,1
0,3,male,49.0,0.0,S,Mr,MiddleAge,1,0.0,1
0,3,male,25.0,7.225,C,Mr,Adult,1,7.225,1
1,1,male,49.0,56.9292,C,Sir,MiddleAge,2,28.4646,0
1,2,female,24.0,27.0,S,Mrs,Adult,4,6.75,0
0,3,male,25.0,7.8958,S,Mr,Adult,1,7.8958,1
0,1,male,40.0,42.4,S,Mr,MiddleAge,1,42.4,1
0,3,male,44.0,8.05,S,Mr,MiddleAge,1,8.05,1
1,1,male,35.0,26.55,C,Mr,Adult,1,26.55,1
0,3,male,36.0,15.55,S,Mr,MiddleAge,2,7.775,0
0,3,male,30.0,7.8958,S,Mr,Adult,1,7.8958,1
1,1,male,27.0,30.5,S,Mr,Adult,1,30.5,1
1,2,female,22.0,41.5792,C,Mrs,Adult,4,10.3948,0
1,1,female,40.0,153.4625,S,Miss,MiddleAge,1,153.4625,1
0,3,female,39.0,31.275,S,Mrs,MiddleAge,7,4.4678571428571425,0
0,3,male,25.0,7.05,S,Mr,Adult,1,7.05,1
1,3,female,21.5,15.5,Q,Miss,Adult,2,7.75,0
0,3,male,25.0,7.75,Q,Mr,Adult,1,7.75,1
0,3,male,35.0,8.05,S,Mr,Adult,1,8.05,1
1,2,female,24.0,65.0,S,Miss,Adult,4,16.25,0
0,3,male,34.0,14.4,S,Mr,Adult,3,4.8,0
0,3,female,26.0,16.1,S,Mrs,Adult,2,8.05,0
1,2,female,4.0,39.0,S,Miss,Child,4,9.75,0
0,2,male,26.0,10.5,S,Mr,Adult,1,10.5,1
0,3,male,27.0,14.4542,C,Mr,Adult,2,7.2271,0
1,1,male,42.0,52.5542,S,Mr,MiddleAge,2,26.2771,0
1,3,male,20.0,15.7417,C,Mr,Adult,3,5.247233333333333,0
0,3,male,21.0,7.8542,S,Mr,Adult,1,7.8542,1
0,3,male,21.0,16.1,S,Mr,Adult,1,16.1,1
0,1,male,61.0,32.3208,S,Mr,Senior,1,32.3208,1
0,2,male,57.0,12.35,Q,Rev,MiddleAge,1,12.35,1
1,1,female,21.0,77.9583,S,Miss,Adult,1,77.9583,1
0,3,male,26.0,7.8958,S,Mr,Adult,1,7.8958,1
0,3,male,25.0,7.7333,Q,Mr,Adult,1,7.7333,1
1,1,male,80.0,30.0,S,Mr,Senior,1,30.0,1
0,3,male,51.0,7.0542,S,Mr,MiddleAge,1,7.0542,1
1,1,male,32.0,30.5,C,Dr,Adult,1,30.5,1
0,1,male,40.0,0.0,S,Mr,MiddleAge,1,0.0,1
0,3,female,9.0,27.9,S,Miss,Child,6,4.6499999999999995,0
1,2,female,28.0,13.0,S,Miss,Adult,1,13.0,1
0,3,male,32.0,7.925,S,Mr,Adult,1,7.925,1
0,2,male,31.0,26.25,S,Mr,Adult,3,8.75,0
0,3,female,41.0,39.6875,S,Mrs,MiddleAge,6,6.614583333333333,0
0,3,male,25.0,16.1,S,Mr,Adult,2,8.05,0
0,3,male,20.0,7.8542,S,Mr,Adult,1,7.8542,1
1,1,female,24.0,69.3,C,Mlle,Adult,1,69.3,1
0,3,female,2.0,27.9,S,Miss,Child,6,4.6499999999999995,0
1,3,male,25.0,56.4958,S,Mr,Adult,1,56.4958,1
1,3,female,0.75,19.2583,C,Miss,Child,4,4.814575,0
1,1,male,48.0,76.7292,C,Mr,MiddleAge,2,38.3646,0
0,3,male,19.0,7.8958,S,Mr,Teen,1,7.8958,1
1,1,male,56.0,35.5,C,Col,MiddleAge,1,35.5,1
0,3,male,25.0,7.55,S,Mr,Adult,1,7.55,1
1,3,female,23.0,7.55,S,Miss,Adult,1,7.55,1
0,3,male,25.0,7.8958,S,Mr,Adult,1,7.8958,1
1,2,female,18.0,23.0,S,Miss,Teen,2,11.5,0
0,3,male,21.0,8.4333,S,Mr,Adult,1,8.4333,1
1,3,female,21.5,7.8292,Q,Miss,Adult,1,7.8292,1
0,3,female,18.0,6.75,Q,Miss,Teen,1,6.75,1
0,2,male,24.0,73.5,S,Mr,Adult,3,24.5,0
0,3,male,25.0,7.8958,S,Mr,Adult,1,7.8958,1
0,3,female,32.0,15.5,Q,Mrs,Adult,3,5.166666666666667,0
0,2,male,23.0,13.0,S,Mr,Adult,1,13.0,1
0,1,male,58.0,113.275,C,Mr,MiddleAge,3,37.75833333333333,0
1,1,male,50.0,133.65,S,Dr,MiddleAge,3,44.550000000000004,0
0,3,male,40.0,7.225,C,Mr,MiddleAge,1,7.225,1
0,1,male,47.0,25.5875,S,Mr,MiddleAge,1,25.5875,1
0,3,male,36.0,7.4958,S,Mr,MiddleAge,1,7.4958,1
1,3,male,20.0,7.925,S,Mr,Adult,2,3.9625,0
0,2,male,32.0,73.5,S,Mr,Adult,3,24.5,0
0,2,male,25.0,13.0,S,Mr,Adult,1,13.0,1
0,3,male,25.0,7.775,S,Mr,Adult,1,7.775,1
0,3,male,43.0,8.05,S,Mr,MiddleAge,1,8.05,1
1,1,female,35.0,52.0,S,Mrs,Adult,2,26.0,0
1,2,female,40.0,39.0,S,Mrs,MiddleAge,3,13.0,0
0,1,male,31.0,52.0,S,Mr,Adult,2,26.0,0
0,2,male,70.0,10.5,S,Mr,Senior,1,10.5,1
1,2,male,31.0,13.0,S,Mr,Adult,1,13.0,1
0,2,male,30.0,0.0,S,Mr,Adult,1,0.0,1
0,3,male,18.0,7.775,S,Mr,Teen,1,7.775,1
0,3,male,24.5,8.05,S,Mr,Adult,1,8.05,1
1,3,female,18.0,9.8417,S,Miss,Teen,1,9.8417,1
0,3,female,43.0,46.9,S,Mrs,MiddleAge,8,5.8625,0
0,3,female,21.5,8.1375,Q,Miss,Adult,1,8.1375,1
1,1,male,27.0,76.7292,C,Mr,Adult,1,76.7292,1
0,3,male,20.0,9.225,S,Mr,Adult,1,9.225,1
0,3,male,14.0,46.9,S,Mr,Teen,8,5.8625,0
0,2,male,60.0,39.0,S,Mr,MiddleAge,3,13.0,0
0,2,male,25.0,41.5792,C,Mr,Adult,4,10.3948,0
0,3,male,14.0,39.6875,S,Mr,Teen,6,6.614583333333333,0
0,3,male,19.0,10.1708,S,Mr,Teen,1,10.1708,1
0,3,male,18.0,7.7958,S,Mr,Teen,1,7.7958,1
1,1,female,15.0,211.3375,S,Miss,Teen,2,105.66875,0
1,1,male,31.0,57.0,S,Mr,Adult,2,28.5,0
1,3,female,4.0,13.4167,C,Miss,Child,2,6.70835,0
1,3,male,25.0,56.4958,S,Mr,Adult,1,56.4958,1
0,3,male,25.0,7.225,C,Mr,Adult,1,7.225,1
0,1,male,60.0,26.55,S,Col,MiddleAge,1,26.55,1
0,2,male,52.0,13.5,S,Mr,MiddleAge,1,13.5,1
0,3,male,44.0,8.05,S,Mr,MiddleAge,1,8.05,1
1,3,female,21.5,7.7333,Q,Miss,Adult,1,7.7333,1
0,1,male,49.0,110.8833,C,Mr,MiddleAge,3,36.9611,0
0,3,male,42.0,7.65,S,Mr,MiddleAge,1,7.65,1
1,1,female,18.0,227.525,C,Mrs,Teen,2,113.7625,0
1,1,male,35.0,26.2875,S,Mr,Adult,1,26.2875,1
0,3,female,18.0,14.4542,C,Miss,Teen,2,7.2271,0
0,3,male,25.0,7.7417,Q,Mr,Adult,1,7.7417,1
0,3,male,26.0,7.8542,S,Mr,Adult,2,3.9271,0
0,2,male,39.0,26.0,S,Mr,MiddleAge,1,26.0,1
1,2,female,45.0,13.5,S,Mrs,MiddleAge,1,13.5,1
1,1,male,42.0,26.2875,S,Mr,MiddleAge,1,26.2875,1
1,1,female,22.0,151.55,S,Miss,Adult,1,151.55,1
1,3,male,25.0,15.2458,C,Master,Adult,3,5.081933333333333,0
1,1,female,24.0,49.5042,C,Mlle,Adult,1,49.5042,1
0,1,male,40.0,26.55,S,Mr,MiddleAge,1,26.55,1
1,1,male,48.0,52.0,S,Mr,MiddleAge,2,26.0,0
0,3,male,29.0,9.4833,S,Mr,Adult,1,9.4833,1
0,2,male,52.0,13.0,S,Mr,MiddleAge,1,13.0,1
0,3,male,19.0,7.65,S,Mr,Teen,1,7.65,1
1,1,female,38.0,227.525,C,Miss,MiddleAge,1,227.525,1
1,2,female,27.0,10.5,S,Miss,Adult,1,10.5,1
0,3,male,25.0,15.5,Q,Mr,Adult,1,15.5,1
0,3,male,33.0,7.775,S,Mr,Adult,1,7.775,1
1,2,female,6.0,33.0,S,Miss,Child,2,16.5,0
0,3,male,17.0,7.0542,S,Mr,Teen,2,3.5271,0
0,2,male,34.0,13.0,S,Mr,Adult,1,13.0,1
0,2,male,50.0,13.0,S,Mr,MiddleAge,1,13.0,1
1,1,male,27.0,53.1,S,Mr,Adult,2,26.55,0
0,3,male,20.0,8.6625,S,Mr,Adult,1,8.6625,1
1,2,female,30.0,21.0,S,Mrs,Adult,4,5.25,0
1,3,female,21.5,7.7375,Q,Miss,Adult,1,7.7375,1
0,2,male,25.0,26.0,S,Mr,Adult,2,13.0,0
0,3,female,25.0,7.925,S,Miss,Adult,2,3.9625,0
1,1,female,29.0,211.3375,S,Miss,Adult,1,211.3375,1
0,3,male,11.0,18.7875,C,Mr,Child,1,18.7875,1
0,2,male,30.0,0.0,S,Mr,Adult,1,0.0,1
0,2,male,23.0,13.0,S,Mr,Adult,1,13.0,1
0,2,male,23.0,13.0,S,Mr,Adult,1,13.0,1
0,3,male,28.5,16.1,S,Mr,Adult,1,16.1,1
0,3,female,48.0,34.375,S,Mrs,MiddleAge,5,6.875,0
0,3,male,25.0,7.8958,S,Mr,Adult,1,7.8958,1
0,3,male,25.0,7.8958,S,Mr,Adult,1,7.8958,1
1,1,male,40.0,30.0,S,Mr,MiddleAge,1,30.0,1
0,1,male,36.0,78.85,S,Mr,MiddleAge,2,39.425,0
1,1,female,21.0,262.375,C,Miss,Adult,5,52.475,0
0,3,male,24.0,16.1,S,Mr,Adult,2,8.05,0
1,3,male,31.0,7.925,S,Mr,Adult,1,7.925,1
0,1,male,70.0,71.0,S,Capt,Senior,3,23.666666666666668,0
0,3,male,16.0,20.25,S,Mr,Teen,3,6.75,0
1,2,female,30.0,13.0,S,Miss,Adult,1,13.0,1
0,1,male,19.0,53.1,S,Mr,Teen,2,26.55,0
0,3,male,31.0,7.75,Q,Mr,Adult,1,7.75,1
1,2,female,4.0,23.0,S,Miss,Child,3,7.666666666666667,0
1,3,male,6.0,12.475,S,Master,Child,2,6.2375,0
0,3,male,33.0,9.5,S,Mr,Adult,1,9.5,1
0,3,male,23.0,7.8958,S,Mr,Adult,1,7.8958,1
1,2,female,48.0,65.0,S,Mrs,MiddleAge,4,16.25,0
1,2,male,0.67,14.5,S,Master,Child,3,4.833333333333333,0
0,3,male,28.0,7.7958,S,Mr,Adult,1,7.7958,1
0,2,male,18.0,11.5,S,Mr,Teen,1,11.5,1
0,3,male,34.0,8.05,S,Mr,Adult,1,8.05,1
1,1,female,33.0,86.5,S,Countess,Adult,1,86.5,1
0,3,male,25.0,14.5,S,Mr,Adult,1,14.5,1
0,3,male,41.0,7.125,S,Mr,MiddleAge,1,7.125,1
1,3,male,20.0,7.2292,C,Mr,Adult,1,7.2292,1
1,1,female,36.0,120.0,S,Mrs,MiddleAge,4,30.0,0
0,3,male,16.0,7.775,S,Mr,Teen,1,7.775,1
1,1,female,51.0,77.9583,S,Mrs,MiddleAge,2,38.97915,0
0,1,male,40.0,39.6,C,Dr,MiddleAge,1,39.6,1
0,3,female,30.5,7.75,Q,Miss,Adult,1,7.75,1
0,3,male,25.0,24.15,Q,Mr,Adult,2,12.075,0
0,3,male,32.0,8.3625,S,Mr,Adult,1,8.3625,1
0,3,male,24.0,9.5,S,Mr,Adult,1,9.5,1
0,3,male,48.0,7.8542,S,Mr,MiddleAge,1,7.8542,1
0,2,female,57.0,10.5,S,Mrs,MiddleAge,1,10.5,1
0,3,male,25.0,7.225,C,Mr,Adult,1,7.225,1
1,2,female,54.0,23.0,S,Mrs,MiddleAge,5,4.6,0
0,3,male,18.0,7.75,S,Mr,Teen,1,7.75,1
0,3,male,25.0,7.75,Q,Mr,Adult,1,7.75,1
1,3,female,5.0,12.475,S,Miss,Child,1,12.475,1
0,3,male,25.0,7.7375,Q,Mr,Adult,1,7.7375,1
1,1,female,43.0,211.3375,S,Mrs,MiddleAge,2,105.66875,0
1,3,female,13.0,7.2292,C,Miss,Teen,1,7.2292,1
1,1,female,17.0,57.0,S,Mrs,Teen,2,28.5,0
0,1,male,29.0,30.0,S,Mr,Adult,1,30.0,1
0,3,male,25.0,23.45,S,Mr,Adult,4,5.8625,0
0,3,male,25.0,7.05,S,Mr,Adult,1,7.05,1
0,3,male,25.0,7.25,S,Mr,Adult,1,7.25,1
1,3,female,18.0,7.4958,S,Miss,Teen,1,7.4958,1
0,3,male,8.0,29.125,Q,Master,Child,6,4.854166666666667,0
1,3,male,1.0,20.575,S,Master,Child,4,5.14375,0
0,1,male,46.0,79.2,C,Mr,MiddleAge,1,79.2,1
0,3,male,25.0,7.75,Q,Mr,Adult,1,7.75,1
0,2,male,16.0,26.0,S,Mr,Teen,1,26.0,1
0,3,female,21.5,69.55,S,Miss,Adult,11,6.322727272727272,0
0,1,male,40.0,30.6958,C,Mr,MiddleAge,1,30.6958,1
0,3,male,25.0,7.8958,S,Mr,Adult,1,7.8958,1
0,2,male,39.0,13.0,S,Mr,MiddleAge,1,13.0,1
1,1,female,49.0,25.9292,S,Dr,MiddleAge,1,25.9292,1
1,3,female,31.0,8.6833,S,Mrs,Adult,1,8.6833,1
0,3,male,30.0,7.2292,C,Mr,Adult,1,7.2292,1
0,3,female,30.0,24.15,S,Mrs,Adult,3,8.049999999999999,0
0,2,male,34.0,13.0,S,Mr,Adult,1,13.0,1
1,2,female,31.0,26.25,S,Mrs,Adult,3,8.75,0
1,1,male,11.0,120.0,S,Master,Child,4,30.0,0
1,3,male,0.42,8.5167,C,Master,Child,2,4.25835,0
1,3,male,27.0,6.975,S,Mr,Adult,1,6.975,1
0,3,male,31.0,7.775,S,Mr,Adult,1,7.775,1
0,1,male,39.0,0.0,S,Mr,MiddleAge,1,0.0,1
0,3,female,18.0,7.775,S,Miss,Teen,1,7.775,1
0,2,male,39.0,13.0,S,Mr,MiddleAge,1,13.0,1
1,1,female,33.0,53.1,S,Mrs,Adult,2,26.55,0
0,3,male,26.0,7.8875,S,Mr,Adult,1,7.8875,1
0,3,male,39.0,24.15,S,Mr,MiddleAge,1,24.15,1
0,2,male,35.0,10.5,S,Mr,Adult,1,10.5,1
0,3,female,6.0,31.275,S,Miss,Child,7,4.4678571428571425,0
0,3,male,30.5,8.05,S,Mr,Adult,1,8.05,1
0,1,male,40.0,0.0,S,Mr,MiddleAge,1,0.0,1
0,3,female,23.0,7.925,S,Miss,Adult,1,7.925,1
0,2,male,31.0,37.0042,C,Mr,Adult,3,12.334733333333332,0
0,3,male,43.0,6.45,S,Mr,MiddleAge,1,6.45,1
0,3,male,10.0,27.9,S,Master,Child,6,4.6499999999999995,0
1,1,female,52.0,93.5,S,Mrs,MiddleAge,3,31.166666666666668,0
1,3,male,27.0,8.6625,S,Mr,Adult,1,8.6625,1
0,1,male,38.0,0.0,S,Jonkheer,MiddleAge,1,0.0,1
1,3,female,27.0,12.475,S,Mrs,Adult,2,6.2375,0
0,3,male,2.0,39.6875,S,Master,Child,6,6.614583333333333,0
0,3,male,25.0,6.95,Q,Mr,Adult,1,6.95,1
0,3,male,25.0,56.4958,S,Mr,Adult,1,56.4958,1
1,2,male,1.0,37.0042,C,Master,Child,3,12.334733333333332,0
1,3,male,25.0,7.75,Q,Mr,Adult,1,7.75,1
1,1,female,62.0,80.0,S,Mrs,Senior,1,80.0,1
1,3,female,15.0,14.4542,C,Mrs,Teen,2,7.2271,0
1,2,male,0.83,18.75,S,Master,Child,3,6.25,0
0,3,male,25.0,7.2292,C,Mr,Adult,1,7.2292,1
0,3,male,23.0,7.8542,S,Mr,Adult,1,7.8542,1
0,3,male,18.0,8.3,S,Mr,Teen,1,8.3,1
1,1,female,39.0,83.1583,C,Miss,MiddleAge,3,27.71943333333333,0
0,3,male,21.0,8.6625,S,Mr,Adult,1,8.6625,1
0,3,male,25.0,8.05,S,Mr,Adult,1,8.05,1
1,3,male,32.0,56.4958,S,Mr,Adult,1,56.4958,1
1,1,male,40.0,29.7,C,Mr,MiddleAge,1,29.7,1
0,3,male,20.0,7.925,S,Mr,Adult,1,7.925,1
0,2,male,16.0,10.5,S,Mr,Teen,1,10.5,1
1,1,female,30.0,31.0,C,Miss,Adult,1,31.0,1
0,3,male,34.5,6.4375,C,Mr,Adult,1,6.4375,1
0,3,male,17.0,8.6625,S,Mr,Teen,1,8.6625,1
0,3,male,42.0,7.55,S,Mr,MiddleAge,1,7.55,1
0,3,male,25.0,69.55,S,Mr,Adult,11,6.322727272727272,0
0,3,male,35.0,7.8958,C,Mr,Adult,1,7.8958,1
0,2,male,28.0,33.0,S,Rev,Adult,2,16.5,0
1,1,female,35.0,89.1042,C,Mrs,Adult,2,44.5521,0
0,3,male,4.0,31.275,S,Master,Child,7,4.4678571428571425,0
0,3,male,74.0,7.775,S,Mr,Senior,1,7.775,1
0,3,female,9.0,15.2458,C,Miss,Child,3,5.081933333333333,0
1,1,female,16.0,39.4,S,Miss,Teen,2,19.7,0
0,2,female,44.0,26.0,S,Mrs,MiddleAge,2,13.0,0
1,3,female,18.0,9.35,S,Mrs,Teen,2,4.675,0
1,1,female,45.0,164.8667,S,Mrs,MiddleAge,3,54.95556666666667,0
1,1,male,51.0,26.55,S,Mr,MiddleAge,1,26.55,1
1,3,female,24.0,19.2583,C,Mrs,Adult,4,4.814575,0
0,3,male,25.0,7.2292,C,Mr,Adult,1,7.2292,1
0,3,male,41.0,14.1083,S,Mr,MiddleAge,3,4.702766666666666,0
0,2,male,21.0,11.5,S,Mr,Adult,2,5.75,0
1,1,female,48.0,25.9292,S,Mrs,MiddleAge,1,25.9292,1
0,3,female,21.5,69.55,S,Miss,Adult,11,6.322727272727272,0
0,2,male,24.0,13.0,S,Mr,Adult,1,13.0,1
1,2,female,42.0,13.0,S,Mrs,MiddleAge,1,13.0,1
1,2,female,27.0,13.8583,C,Miss,Adult,2,6.92915,0
0,1,male,31.0,50.4958,S,Mr,Adult,1,50.4958,1
0,3,male,25.0,9.5,S,Mr,Adult,1,9.5,1
1,3,male,4.0,11.1333,S,Master,Child,3,3.7111,0
0,3,male,26.0,7.8958,S,Mr,Adult,1,7.8958,1
1,1,female,47.0,52.5542,S,Mrs,MiddleAge,3,17.518066666666666,0
0,1,male,33.0,5.0,S,Mr,Adult,1,5.0,1
0,3,male,47.0,9.0,S,Mr,MiddleAge,1,9.0,1
1,2,female,28.0,24.0,C,Mrs,Adult,2,12.0,0
1,3,female,15.0,7.225,C,Miss,Teen,1,7.225,1
0,3,male,20.0,9.8458,S,Mr,Adult,1,9.8458,1
0,3,male,19.0,7.8958,S,Mr,Teen,1,7.8958,1
0,3,male,25.0,7.8958,S,Mr,Adult,1,7.8958,1
1,1,female,56.0,83.1583,C,Mrs,MiddleAge,2,41.57915,0
1,2,female,25.0,26.0,S,Mrs,Adult,2,13.0,0
0,3,male,33.0,7.8958,S,Mr,Adult,1,7.8958,1
0,3,female,22.0,10.5167,S,Miss,Adult,1,10.5167,1
0,2,male,28.0,10.5,S,Mr,Adult,1,10.5,1
0,3,male,25.0,7.05,S,Mr,Adult,1,7.05,1
0,3,female,39.0,29.125,Q,Mrs,MiddleAge,6,4.854166666666667,0
0,2,male,27.0,13.0,S,Rev,Adult,1,13.0,1
1,1,female,19.0,30.0,S,Miss,Teen,1,30.0,1
0,3,female,21.5,23.45,S,Miss,Adult,4,5.8625,0
1,1,male,26.0,30.0,C,Mr,Adult,1,30.0,1
0,3,male,32.0,7.75,Q,Mr,Adult,1,7.75,1
